﻿{"cameraMode":{"drawMode":0,"name":"Shaded","section":"Shading Mode"},"sceneLighting":true,"audioPlay":false,"sceneViewState":{"m_AlwaysRefresh":false,"showFog":true,"showSkybox":true,"showFlares":true,"showImageEffects":true,"showParticleSystems":true,"showVisualEffectGraphs":true,"m_FxEnabled":true},"in2DMode":false,"pivot":{"x":528.010498046875,"y":316.81878662109377,"z":-90.77166748046875},"rotation":{"x":-0.13781557977199555,"y":-0.02763230912387371,"z":0.003846723586320877,"w":-0.9900645613670349},"size":366.4039306640625,"orthographic":false}